insert into bankapp.manager (m_id, m_first_name, m_last_name, m_status, m_create_at, m_update_at) values ('1763f054-5393-11ee-8c99-0242ac120002', 'Vasiliy', 'Pupkin', 1, '2023-12-28 13:24:51', '2023-12-28 13:24:59');
insert into bankapp.manager (m_id, m_first_name, m_last_name, m_status, m_create_at, m_update_at) values ('caed40d0-5401-11ee-8c99-0242ac120002', 'Jon', 'Smith', 2, '2023-12-25 13:27:41', '2023-12-27 13:27:50');
insert into bankapp.manager (m_id, m_first_name, m_last_name, m_status, m_create_at, m_update_at) values ('f74cf29c-5401-11ee-8c99-0242ac120002', 'Michail', 'Lei', 3, '2023-12-25 13:29:25', null);

insert into bankapp.product (p_id, p_manager_id, p_name, p_status, p_currency_code, p_interest_rate, p_limit_, p_create_at, p_update_at) values ('06c2f173-4fac-4520-8666-58c379171019', 'caed40d0-5401-11ee-8c99-0242ac120002', 'Debit card', 1, 2, 2.2500, 20000, '2023-12-28 14:29:42', null);
insert into bankapp.product (p_id, p_manager_id, p_name, p_status, p_currency_code, p_interest_rate, p_limit_, p_create_at, p_update_at) values ('261241cb-f206-4b29-a779-6fe116538763', '1763f054-5393-11ee-8c99-0242ac120002', 'Deposit', 1, 1, 2.7500, 10000, '2023-12-28 14:01:01', null);
insert into bankapp.product (p_id, p_manager_id, p_name, p_status, p_currency_code, p_interest_rate, p_limit_, p_create_at, p_update_at) values ('b94c7073-f7c7-454e-8ca7-0180e8f580d1', 'f74cf29c-5401-11ee-8c99-0242ac120002', 'Credit card', 1, 3, 2.0000, 30000, '2023-12-28 14:31:33', null);

insert into bankapp.client (c_id, c_manager_id, c_status, c_tax_code, c_first_name, c_last_name, c_email, c_address, c_phone, c_create_at, c_update_at) values ('5308ec41-c4c2-46ec-8831-d20e417e0f6c', '1763f054-5393-11ee-8c99-0242ac120002', 0, '6546645656', 'Kon', 'Pedalniy', 'kp@mail.ru', '1254 Birulovo', '095-987-9898', '2023-12-28 15:39:50', null);
insert into bankapp.client (c_id, c_manager_id, c_status, c_tax_code, c_first_name, c_last_name, c_email, c_address, c_phone, c_create_at, c_update_at) values ('53de66be-9648-4545-b399-00970aec0a43', '1763f054-5393-11ee-8c99-0242ac120002', 1, '5453243434', 'Ivan', 'Petrov', 'ip@gmail.com', '43 Col Street', '493-236-6155', '2023-12-28 15:15:46', null);
insert into bankapp.client (c_id, c_manager_id, c_status, c_tax_code, c_first_name, c_last_name, c_email, c_address, c_phone, c_create_at, c_update_at) values ('6b6eb8fd-64c5-457f-be98-edb1a54fbbcd', '1763f054-5393-11ee-8c99-0242ac120002', 3, '5664454533', 'Abram', 'Kazman', 'ak@zahav.co.il', '21 Dizengoff Street', '254-748-6911', '2023-12-28 15:26:22', null);
insert into bankapp.client (c_id, c_manager_id, c_status, c_tax_code, c_first_name, c_last_name, c_email, c_address, c_phone, c_create_at, c_update_at) values ('80753c19-2d26-434a-8eef-b13a5caaa5c1', 'f74cf29c-5401-11ee-8c99-0242ac120002', 0, '5653533343', 'Anna', 'Smirnova', 'as@barbi.com', '69 Nyk', '111-111-1111', '2023-12-28 15:42:38', null);
insert into bankapp.client (c_id, c_manager_id, c_status, c_tax_code, c_first_name, c_last_name, c_email, c_address, c_phone, c_create_at, c_update_at) values ('96b99d2e-0621-472b-b354-5e6811605f6e', 'caed40d0-5401-11ee-8c99-0242ac120002', 0, '7476645654', 'Pol', 'Makartny', 'pm@usa.com', '15 Brodway Street', '001-233-4564', '2023-12-28 15:32:02', null);
insert into bankapp.client (c_id, c_manager_id, c_status, c_tax_code, c_first_name, c_last_name, c_email, c_address, c_phone, c_create_at, c_update_at) values ('9921c0fa-e9ca-4bd8-b763-abb459a00bd9', '1763f054-5393-11ee-8c99-0242ac120002', 0, '1234567899', 'Vasiliy', 'Ivanov', 'vi@gmail.com', '82 Partisan Pass', '495-203-2220', '2023-12-28 15:12:43', null);
insert into bankapp.client (c_id, c_manager_id, c_status, c_tax_code, c_first_name, c_last_name, c_email, c_address, c_phone, c_create_at, c_update_at) values ('d62c0f9c-50b4-48ab-96b9-7c81dd04ac48', 'f74cf29c-5401-11ee-8c99-0242ac120002', 2, '8768769657', 'Los', 'Prostolos', 'lp@rambler.ru', '1 Lesnaya Chascha', '554-650-2593', '2023-12-28 15:21:52', null);
insert into bankapp.client (c_id, c_manager_id, c_status, c_tax_code, c_first_name, c_last_name, c_email, c_address, c_phone, c_create_at, c_update_at) values ('ea1e1733-bb66-4b6c-ace8-096226960ff1', 'f74cf29c-5401-11ee-8c99-0242ac120002', 0, '4543534567', 'Pol', 'Zayzev', 'pz@dtelecom.de', '33 Banhofstrasse', '349-543-4556', '2023-12-28 15:29:30', null);
insert into bankapp.client (c_id, c_manager_id, c_status, c_tax_code, c_first_name, c_last_name, c_email, c_address, c_phone, c_create_at, c_update_at) values ('f3deef15-86da-46ec-9d27-8305dc37e6a4', 'caed40d0-5401-11ee-8c99-0242ac120002', 0, '4324245666', 'James', 'Bond', 'jb@mail.ru', '32 Pavelezciy Vokzal', '617-320-1724', '2023-12-28 15:19:04', null);
insert into bankapp.client (c_id, c_manager_id, c_status, c_tax_code, c_first_name, c_last_name, c_email, c_address, c_phone, c_create_at, c_update_at) values ('f68a90a0-d3b0-4479-bda4-4acb7513b0b3', 'caed40d0-5401-11ee-8c99-0242ac120002', 3, '9845543345', 'Masha', 'Rasputina', 'mr@gmail.com', '1 Gum Krasnaya Ploshad', '543-553-5443', '2023-12-28 15:34:33', null);

insert into bankapp.account (a_id, a_client_id, a_account_number, a_type, a_status, a_balance, a_currency_code, a_create_at, a_update_at) values ('0c70afa1-c654-471d-9cb2-437ac289d62c', '9921c0fa-e9ca-4bd8-b763-abb459a00bd9', '123456789', 0, 1, 2222.00, 1, '2023-12-28 15:55:22', null);
insert into bankapp.account (a_id, a_client_id, a_account_number, a_type, a_status, a_balance, a_currency_code, a_create_at, a_update_at) values ('23a1d7a0-995f-44d2-b401-c56e1b2c6023', '96b99d2e-0621-472b-b354-5e6811605f6e', '211111111', 0, 1, 2322.00, 0, '2023-12-28 16:09:13', null);
insert into bankapp.account (a_id, a_client_id, a_account_number, a_type, a_status, a_balance, a_currency_code, a_create_at, a_update_at) values ('4864f038-580e-452e-a661-8a49f0e11cd9', 'd62c0f9c-50b4-48ab-96b9-7c81dd04ac48', '411111111', 2, 1, 11.00, 4, '2023-12-28 16:01:56', null);
insert into bankapp.account (a_id, a_client_id, a_account_number, a_type, a_status, a_balance, a_currency_code, a_create_at, a_update_at) values ('5bf54fcd-9a6c-4727-aac6-f3101b2555fa', 'f3deef15-86da-46ec-9d27-8305dc37e6a4', '211111111', 0, 1, 1312111.00, 3, '2023-12-28 16:00:11', null);
insert into bankapp.account (a_id, a_client_id, a_account_number, a_type, a_status, a_balance, a_currency_code, a_create_at, a_update_at) values ('602f0704-d25d-4e8b-b559-4ce7c555df93', '5308ec41-c4c2-46ec-8831-d20e417e0f6c', '711111111', 2, 1, 43242.00, 2, '2023-12-28 16:12:19', null);
insert into bankapp.account (a_id, a_client_id, a_account_number, a_type, a_status, a_balance, a_currency_code, a_create_at, a_update_at) values ('a5715090-d6f7-49e9-8b65-505284bf8ade', '6b6eb8fd-64c5-457f-be98-edb1a54fbbcd', '511111111', 3, 1, 2222.00, 5, '2023-12-28 16:03:47', null);
insert into bankapp.account (a_id, a_client_id, a_account_number, a_type, a_status, a_balance, a_currency_code, a_create_at, a_update_at) values ('b3ce2779-8dbf-487f-b43e-b7af5c1dac97', 'ea1e1733-bb66-4b6c-ace8-096226960ff1', '611111111', 4, 1, 0.00, 0, '2023-12-28 16:06:49', null);
insert into bankapp.account (a_id, a_client_id, a_account_number, a_type, a_status, a_balance, a_currency_code, a_create_at, a_update_at) values ('b9f69f21-b390-4783-b5f1-3c700be89bc4', '53de66be-9648-4545-b399-00970aec0a43', '311111111', 1, 1, 12333.00, 2, '2023-12-28 15:58:04', null);
insert into bankapp.account (a_id, a_client_id, a_account_number, a_type, a_status, a_balance, a_currency_code, a_create_at, a_update_at) values ('cad16388-2f41-448f-a991-aa75b13dd005', '80753c19-2d26-434a-8eef-b13a5caaa5c1', '811111111', 3, 1, 423423.00, 4, '2023-12-28 16:13:59', null);
insert into bankapp.account (a_id, a_client_id, a_account_number, a_type, a_status, a_balance, a_currency_code, a_create_at, a_update_at) values ('df2de6a0-1723-486a-a3e6-07d31e638df5', 'f68a90a0-d3b0-4479-bda4-4acb7513b0b3', '111111111', 1, 1, 2222111.00, 1, '2023-12-28 16:10:40', null);
